,,,,,,
,,,,,,
,,,,,,
,,,,,,
,,,,,,
,,,,,,
UTCtime**2024,9,25,12:7:53,**"Triangle – Human Leader, Robot Follower",,
(0,0.143569,0.0287139,9.801,-0.000305433,-0.0184787, -0.0119119)
(1,0.185444,-0.00837488,9.7699,-0.00427606,-0.0132863, -0.00916297)
(2,0.174676,0.0370888,9.79382,-0.00351247,-0.0117592, -0.0109956)
(3,0.149551,0.0514457,9.71965,0.0106901,-0.0074831, -0.0128282)
(4,0.168694,-0.0789632,9.72802,-0.00351247,-0.0140499, -0.00885754)
(5,0.677169,0.275175,9.19682,-0.0942259,0.0250455, 0.00778853)
(6,-0.0981058,-0.12323,9.78784,-0.0310014,-0.0221439, 0.0131336)
(7,-0.607777,-0.800399,9.61676,0.0216857,-0.0560469, 0.022602)
(8,0.522832,-0.120838,9.97329,-0.0264199,0.0305433, -0.0192422)
(9,-0.397209,-0.0681955,10.2724,-0.0267254,0.0426078, 0.0221439)
(10,-0.731007,-0.20339,10.7222,0.00167988,-0.0928515, -0.01237)
(11,0.15673,-0.0885344,9.83091,0.0413861,0.0711658, -0.0253509)
(12,-0.388834,0.0885344,9.27817,-0.0314596,0.0387899, 0.0885754)
(13,-0.811167,0.25005,9.59761,-0.000152716,-0.036041, -0.0268781)
(14,-0.75015,0.518046,10.2485,0.0444404,-0.0326813, -0.0132863)
(15,-0.0119641,-0.212961,9.734,-0.010232,-0.0905607, -0.03711)
(16,-0.087338,0.27996,9.45524,0.0116064,-0.0725402, 0.0)
(17,-0.0323031,0.241675,9.58565,-0.0361938,-0.132252, 0.0700968)
(18,0.607777,-0.735793,9.68854,-0.0354302,-0.0765108, 0.0846048)
(19,0.352941,-0.0801595,9.18724,-0.011301,0.0203113, -0.022602)
(20,0.75015,0.185444,10.185,-0.0276416,-0.0566577, -0.0691805)
(21,0.545564,0.0227318,10.0822,0.0280998,0.0184787, -0.00702495)
(22,0.525225,-0.00598206,9.9697,-0.000305433,-0.034972, -0.00595593)
(23,0.503689,0.133998,9.89911,-0.0120646,-0.0558941, -0.0135917)
(24,0.31346,0.265603,10.1037,0.00733038,0.0798706, -0.111636)
(25,-0.439083,-0.0490529,9.85006,0.0109956,-0.0397062, -0.161574)
(26,-0.422333,0.300299,9.84647,-0.052229,-0.03711, -0.0331394)
(27,-0.141177,-0.259621,9.5019,-0.000763581,0.000916298, -0.0126754)
(28,0.400798,-0.0394816,10.0008,-0.0140499,0.0693332, -0.0152716)
(29,-0.287139,0.00837488,9.98645,0.00229074,-0.0577268, -0.0482583)
(30,0.171087,-0.236889,9.60838,0.011301,0.0316123, -0.0523817)
(31,0.0334995,0.172283,9.63351,-0.0227547,-0.0580322, -0.02474)
(32,0.331406,-0.350549,10.2855,0.0157298,-0.031765, -0.0166461)
(33,-0.239282,0.143569,9.45883,-0.00610865,-0.000916298, -0.0186314)
(34,0.643669,-0.142373,10.453,0.00397062,-0.0925461, 0.00137445)
(35,0.0299103,0.195015,9.82254,-0.00152716,-0.00290161, -0.00794125)
(36,0.108873,0.0598206,9.81656,0.00610865,-0.0169515, -0.00870483)
end of logging,,,,,,
UTCtime**2024,9,25,12:9:30,**"Jetski – Human Leader, Robot Follower",,
(0,0.143569,0.0287139,9.801,-0.000305433,-0.0184787, -0.0119119)
(1,0.185444,-0.00837488,9.7699,-0.00427606,-0.0132863, -0.00916297)
(2,0.174676,0.0370888,9.79382,-0.00351247,-0.0117592, -0.0109956)
(3,0.149551,0.0514457,9.71965,0.0106901,-0.0074831, -0.0128282)
(4,0.168694,-0.0789632,9.72802,-0.00351247,-0.0140499, -0.00885754)
(5,0.677169,0.275175,9.19682,-0.0942259,0.0250455, 0.00778853)
(6,-0.0981058,-0.12323,9.78784,-0.0310014,-0.0221439, 0.0131336)
(7,-0.607777,-0.800399,9.61676,0.0216857,-0.0560469, 0.022602)
(8,0.522832,-0.120838,9.97329,-0.0264199,0.0305433, -0.0192422)
(9,-0.397209,-0.0681955,10.2724,-0.0267254,0.0426078, 0.0221439)
(10,-0.731007,-0.20339,10.7222,0.00167988,-0.0928515, -0.01237)
(11,0.15673,-0.0885344,9.83091,0.0413861,0.0711658, -0.0253509)
(12,-0.388834,0.0885344,9.27817,-0.0314596,0.0387899, 0.0885754)
(13,-0.811167,0.25005,9.59761,-0.000152716,-0.036041, -0.0268781)
(14,-0.75015,0.518046,10.2485,0.0444404,-0.0326813, -0.0132863)
(15,-0.0119641,-0.212961,9.734,-0.010232,-0.0905607, -0.03711)
(16,-0.087338,0.27996,9.45524,0.0116064,-0.0725402, 0.0)
(17,-0.0323031,0.241675,9.58565,-0.0361938,-0.132252, 0.0700968)
(18,0.607777,-0.735793,9.68854,-0.0354302,-0.0765108, 0.0846048)
(19,0.352941,-0.0801595,9.18724,-0.011301,0.0203113, -0.022602)
(20,0.75015,0.185444,10.185,-0.0276416,-0.0566577, -0.0691805)
(21,0.545564,0.0227318,10.0822,0.0280998,0.0184787, -0.00702495)
(22,0.525225,-0.00598206,9.9697,-0.000305433,-0.034972, -0.00595593)
(23,0.503689,0.133998,9.89911,-0.0120646,-0.0558941, -0.0135917)
(24,0.31346,0.265603,10.1037,0.00733038,0.0798706, -0.111636)
(25,-0.439083,-0.0490529,9.85006,0.0109956,-0.0397062, -0.161574)
(26,-0.422333,0.300299,9.84647,-0.052229,-0.03711, -0.0331394)
(27,-0.141177,-0.259621,9.5019,-0.000763581,0.000916298, -0.0126754)
(28,0.400798,-0.0394816,10.0008,-0.0140499,0.0693332, -0.0152716)
(29,-0.287139,0.00837488,9.98645,0.00229074,-0.0577268, -0.0482583)
(30,0.171087,-0.236889,9.60838,0.011301,0.0316123, -0.0523817)
(31,0.0334995,0.172283,9.63351,-0.0227547,-0.0580322, -0.02474)
(32,0.331406,-0.350549,10.2855,0.0157298,-0.031765, -0.0166461)
(33,-0.239282,0.143569,9.45883,-0.00610865,-0.000916298, -0.0186314)
(34,0.643669,-0.142373,10.453,0.00397062,-0.0925461, 0.00137445)
(35,0.0299103,0.195015,9.82254,-0.00152716,-0.00290161, -0.00794125)
(36,0.108873,0.0598206,9.81656,0.00610865,-0.0169515, -0.00870483)
(0,0.547956,0.0598206,9.73161,-0.000916298,-0.0116064, -0.00855211)
(1,0.562313,0.105284,9.7364,0,-0.0128282, -0.00870483)
(2,0.557528,0.0729811,9.76392,-0.000916298,-0.00519235, -0.00855211)
(3,0.559921,0.0849452,9.7352,-0.00106901,-0.00794125, -0.00962113)
(4,0.567099,0.0466601,9.7699,-0.0074831,-0.0146608, -0.00580322)
(5,0.239282,0.163908,9.4002,-0.00427606,0.102014, -0.0456622)
(6,0.452243,0.228515,8.45504,0.0583376,0.19563, -0.00763582)
(7,0.293121,-0.196212,10.0511,0.00106901,0.0116064, 0.0300851)
(8,0.459422,0.239282,9.19921,0.0122173,-0.148288, 0.0125227)
error,,,,,,
(9,0.86022,0.75015,9.39183,-0.15913,0.319788, 0.0445931)
(10,-0.0442672,-0.361316,9.71127,0.0137445,0.0305433, -0.00458149)
(11,-0.18664,-0.722633,10.4351,0.0531453,-0.0468839, -0.0920879)
(12,-0.799203,0.407976,10.1635,0.054367,-0.0161879, -0.118355)
(13,-0.193819,0.405583,9.59522,0.0752891,-0.0222966, -0.0514654)
(14,0.00478565,-0.361316,9.65384,0.0105374,-0.156229, -0.000916298)
(15,-0.114856,0.751346,9.47199,0.0282525,-0.122631, 0.0615447)
(16,0.812363,-0.384048,10.1719,0.0464257,0.120188, 0.103236)
(17,-0.636491,0.818345,9.84407,-0.00946841,0.126296, 0.0797179)
(18,-0.442672,0.484547,10.7414,0.0426078,-0.14111, -0.0493274)
(19,0.0921237,0.061017,9.52104,0.000152716,-0.0487165, -0.0277944)
(20,0.263211,0.464208,9.15853,-0.0340557,0.0392481, -0.0287107)
(21,-0.799203,0.356531,8.90968,-0.0148135,0.144928, 0.0117592)
(22,-0.358923,0.413958,10.1492,0.0120646,-0.0363465, 0.0154243)
error,,,,,,
(23,0.270389,-0.138784,9.75554,-0.0594066,-0.0561996, -0.0116064)
(24,-0.891327,0.581456,9.52822,0.0198531,-0.019395, 0.0641408)
(25,0.550349,-0.245264,9.12025,0.0536034,-0.207694, -0.041997)
(26,-0.00598206,-0.204586,9.43011,-0.0676533,0.0679587, 0.0717766)
(27,0.946362,0.198604,9.80339,0.00152716,-0.0158825, -0.0216857)
(28,-0.0646062,0.0466601,9.73042,-0.00717767,0.0248928, -0.0578795)
(29,0.125623,0.439083,9.59402,-0.0190895,-0.0265726, -0.0305433)
(30,0.440279,0.185444,10.1348,-0.0184787,-0.11469, -0.0409279)
(31,0.765703,-0.0311067,9.98764,-0.0862847,-0.0319177, -0.0345139)
(32,1.02652,-0.0562314,10.063,-0.0836885,-0.0503964, -0.0884227)
(33,0.587438,0.151944,10.0427,0.0342084,0.0424551, -0.165697)
(34,0.149551,-0.0299103,9.62992,-0.0131336,0.0833831, -0.211054)
(35,0.393619,0.384048,9.69452,-0.0566577,-0.0233656, -0.067806)
(36,0.585045,0.00598206,9.19083,-0.00733038,0.0714712, 0.141873)
(37,0.320638,0.455833,10.319,0.0777326,-0.0403171, 0.14279)
(38,0.491725,0.181854,9.92902,0.00824668,-0.0302378, 0.156229)
(39,-0.272782,-0.537189,9.50788,0.0108429,-0.0219911, 0.105069)
(40,0.248854,-0.0107677,9.8692,0.0261145,0.0537561, -0.0310014)
(41,0.586242,-0.0179462,10.538,-0.00778853,-0.0465785, 0.0213803)
(42,-0.190229,0.379262,10.3023,-0.00855211,-0.0603229, -0.0117592)
(43,0.801595,0.131605,9.76511,0.0216857,0.0137445, -0.0149662)
(44,0.113659,0.364905,10.2867,0.00274889,-0.0450513, 0.00916297)
(45,0.56351,0.185444,9.58804,0.034972,-0.0187841, -0.00229074)
end of logging,,,,,,
IMU restart,,,,,,
UTCtime**2024,9,25,12:11:49,**"DT – Human Leader, Robot Follower",,
(0,0.386441,0.116052,9.74597,-0.00687223,-0.00702495, -0.00733038)
(1,0.410369,0.040678,9.734,0.00366519,-0.00885754, -0.011301)
(2,0.422333,0.0167498,9.76272,-0.00427606,-0.0122173, -0.00870483)
(3,0.443869,0.0526421,9.76032,0.00167988,-0.0126754, -0.0138972)
(4,0.45344,0.0370888,9.76511,0.00519235,-0.00702495, -0.0122173)
(5,0.416351,-0.0658026,9.6347,0.0239765,0.000152716, 0.000763581)
(6,0.372084,-0.00837488,9.87877,-0.00458149,-0.00106901, 0.0291688)
(7,-0.0741775,-0.162712,9.68495,-0.0288634,-0.0178678, 0.0352775)
(8,-0.568295,-0.607777,9.46481,-0.0279471,-0.00626137, 0.115454)
(9,-0.348156,-0.354138,9.2363,0.00855211,0.0323759, 0.00320704)
(10,0.197408,-0.380459,10.9938,0.0429133,-0.0507018, -0.071624)
(11,-0.0634098,-0.00717847,9.30928,0.0212276,-0.0235183, 0.0137445)
(12,-0.760918,-0.143569,9.67777,-0.00962113,0.167835, -0.0519235)
(13,0.235693,0.608973,9.80818,-0.0279471,0.00962113, -0.0444404)
(14,-0.997807,-0.235693,9.68615,-0.00442877,0.085063, -0.152411)
(15,-0.975075,0.171087,10.0965,0.0368046,0.064599, -0.138819)
(16,-1.3352,0.37687,10.1216,0.0192422,0.0496328, -0.0219911)
(17,-1.05045,-0.0442672,9.25305,-0.0184787,0.100029, -0.0279471)
(18,-1.71685,0.157926,9.14656,-0.0673479,-0.0148135, -0.0122173)
(19,-1.5673,0.172283,9.67897,-0.0520762,-0.00259618, 0.0406225)
(20,-1.54696,-0.187837,9.80459,0.0384845,-0.0665843, 0.0224493)
(21,-1.52064,0.081356,9.87638,0.00503964,-0.0481056, 0.0401644)
(22,-1.46201,0.125623,10.8634,0.0174097,-0.0612392, 0.0116064)
(23,0.066999,-0.0394816,10.0534,0.0409279,-0.239765, 0.108887)
error,,,,,,
(24,-0.234497,0.124427,10.1288,0.00595593,-0.208305, 0.0662789)
(25,1.10788,-0.418744,9.29971,0.0536034,0.0137445, 0.0201585)
(26,0.393619,0.200997,9.81775,-0.0404698,-0.0694859, 0.0135917)
(27,-0.15673,-0.0251246,10.2126,0.0285579,0.0700968, 0.00824668)
(28,0.410369,0.264407,10.5679,0.0436769,-0.0314596, 0.0401644)
(29,0.0442672,0.306281,9.137,-0.0378736,-0.0335976, 0.0754418)
(30,-0.00957129,-0.0729811,9.34756,-0.0467312,-0.0679587, 0.011301)
(31,1.12941,0.0849452,10.2844,0.0707076,-0.0813978, -0.0390954)
(32,0.300299,0.0430708,9.80579,0.0436769,0.0056505, 0.0143553)
(33,0.281157,0.41994,8.92882,-0.00152716,0.124922, -0.0794125)
(34,0.299103,-0.212961,10.9986,-0.0152716,0.0742201, 0.00305432)
(35,-0.782453,0.081356,9.44926,0.0332921,0.0346666, 0.00366519)
(36,0.306281,-0.00717847,9.77947,-0.0018326,0.0369573, -0.055436)
(37,-0.112463,0.0550349,9.18844,0.0065668,-0.0241292, -0.0203113)
(38,-0.72024,0.189033,9.67538,0.0313068,-0.00977384, -0.0387899)
(39,-1.83769,-0.161516,9.4337,0.00855211,-0.00901026, -0.0623082)
(40,-1.20838,0.272782,9.94696,-0.00717767,-0.0261145, 0.0264199)
(41,-0.323031,0.565902,9.53899,-0.0481056,-0.0991129, 0.00412334)
(42,-0.502493,0.628116,9.95055,0.0731511,-0.0534507, -0.0135917)
(43,-0.671187,0.75015,8.98026,0.101862,-0.111483, -0.02474)
(44,0.12323,0.309871,9.38585,-0.0131336,-0.123853, -0.0487165)
(45,0.689133,0.650848,9.55574,0.00733038,-0.119424, 0.00992656)
(46,0.985843,0.368495,9.62274,-0.00671952,-0.0817032, 0.0520762)
(47,0.957129,0.821935,9.77468,-0.0137445,-0.0766636, 0.0345139)
(48,1.48116,0.161516,9.27458,0.0415388,-0.0810924, -0.0357356)
(49,1.54098,0.630509,9.88236,-0.023671,0.0740674, -0.0557414)
(50,1.15454,0.664008,9.63829,-0.00610865,-0.0074831, 0.0183259)
(51,1.25982,-0.0251246,8.88455,-0.0916298,0.0994183, -0.0186314)
(52,0.818345,0.21655,9.76751,-0.0526871,0.0368046, 0.0662789)
(53,0.595813,0.427119,9.19442,-0.0103847,0.000152716, 0.00427606)
(54,0.202194,0.677169,9.72084,0.0830777,0.0184787, 0.0398589)
(55,0.764507,0.751346,9.34876,-0.0632245,0.0630718, 0.0142026)
(56,0.330209,0.364905,8.82712,-0.0752891,-0.0372628, -0.0714712)
(57,0.227318,0.559921,9.79622,-0.00595593,0.0264199, -0.0879646)
(58,-0.149551,0.64008,10.0319,0.0251982,0.0833831, -0.00488692)
(59,0.0167498,0.319442,9.95414,-0.0387899,0.0502437, -0.0823141)
(60,-0.125623,0.346959,8.86301,0.0167988,-0.0381791, 0.125838)
(61,-0.832702,0.447458,9.67179,0.0352775,0.115912, -0.0138972)
(62,-1.0325,0.11007,10.526,0.0948368,-0.00778853, -0.0962113)
(63,-0.396012,0.214158,9.68256,-0.00473421,-0.0505491, -0.0745255)
(64,-0.040678,0.214158,9.79382,-0.0380264,-0.115148, -0.0390954)
(65,0.223729,-0.190229,9.94936,-0.100029,-0.0181732, 0.0558941)
(66,0.602991,0.178265,10.4614,0.065668,0.0885754, 0.0364992)
(67,0.0646062,0.0693919,9.56531,-0.0468839,-0.03711, -0.0708604)
(68,0.132802,-0.00239282,9.31167,-0.0122173,-0.0390954, 0.0401644)
(69,0.787239,0.106481,9.95654,0.0658207,0.00626137, -0.0187841)
(70,-0.100499,-0.264407,9.77588,-0.0195477,-0.00488692, -0.0476475)
(71,0.482154,0.141177,9.93979,0.0429133,-0.0167988, 0.0245873)
(72,0.155533,0.337388,10.0271,0.00442877,0.013439, -0.00442877)
end of logging,,,,,,
IMU restart,,,,,,
UTCtime**2024,9,25,12:16:9,**"M – Human Leader, Robot Follower",,
(0,0.504885,0.129212,9.74956,-0.0018326,-0.0157298, -0.00901026)
(1,0.524028,0.113659,9.801,0.00244346,-0.0122173, -0.00855211)
(2,0.527617,0.0981058,9.72922,0,-0.00946841, -0.00916297)
(3,0.457029,0.0897309,9.87877,-0.00427606,0.00458149, -0.0103847)
(4,0.521635,0.133998,9.58326,-0.00412334,-0.00229074, -0.0410807)
(5,0.307478,0.246461,9.99123,-0.0581849,-0.011301, -0.0288634)
(6,0.62333,0.244068,9.57129,-0.0221439,0.107665, 0.00626137)
(7,0.543171,-0.151944,10.1312,0.0598648,-0.0186314, -0.0468839)
(8,-0.631705,0.597009,9.55933,0.0684169,-0.0824668, -0.156534)
(9,0.130409,0.0861416,9.72324,-0.0146608,-0.0227547, 0.00122173)
(10,-0.108873,0.185444,8.7685,0.0884227,0.152105, -0.053298)
error,,,,,,
(11,-0.357727,0.300299,9.94337,-0.0482583,0.0502437, 0.0299324)
(12,-0.0227318,-0.171087,9.8357,0.0142026,0.0361938, -0.0166461)
(13,-0.431905,0.0729811,9.95055,0.00809396,0.0413861, 0.0122173)
(14,-0.608973,0.412762,9.64068,-0.0311541,0.134085, 0.124464)
(15,-1.81615,0.427119,9.58804,-0.0815505,0.124311, 0.0192422)
(16,-1.93101,0.744168,9.5701,0.0481056,-0.00442877, -0.00702495)
(17,-1.97767,0.262014,9.97209,0.00198531,0.00839939, -0.0177151)
(18,-1.98006,0.31346,9.11426,-0.0262672,-0.0262672, -0.0222966)
(19,-1.79222,0.350549,9.37269,0.0172569,-0.0276416, -0.0164934)
(20,-2.01954,0.314656,9.49472,-0.0212276,0.0142026, -0.00519235)
(21,-1.68933,0.302692,9.20519,0.0351248,-0.0129809, -0.00931569)
(22,-1.65105,0.451047,9.52822,-0.043066,0.00610865, 0.000916298)
(23,-1.79821,0.267996,9.20519,-0.0348193,-0.021533, -0.031765)
(24,-1.77428,0.171087,9.41576,0.00870483,0.00366519, -0.0439823)
(25,-1.2347,0.504885,9.43729,0.032834,-0.011301, -0.0200058)
(26,-1.26221,0.00837488,8.88934,-0.00702495,-0.119577, 0.0126754)
(27,-0.620938,0.608973,8.9336,-0.0294742,-0.180053, 0.0284052)
(28,-0.183051,0.433101,9.47079,0.0177151,-0.105832, 0.0786489)
(29,1.00618,0.236889,9.6347,-0.010232,0.0525344, 0.0238237)
(30,0.454636,-0.212961,8.32463,-0.0239765,0.022602, 0.0523817)
(31,0.579063,-0.696311,10.3633,0.0114537,-0.0155771, 0.10965)
(32,0.524028,-0.40678,9.667,-0.00137445,-0.0841467, -0.0468839)
(33,1.36989,-0.0323031,9.67418,0.0890336,0.00885754, -0.0513127)
(34,0.131605,0.0143569,10.1671,0.0589485,0.102931, 0.00381791)
(35,-0.662812,-0.321835,9.57129,0.219453,0.180205, -0.129503)
(36,-1.08754,0.51685,10.2951,-0.0276416,0.0403171, -0.00702495)
(37,-1.08275,-0.0490529,10.0056,-0.0241292,0.0354302, -0.0937678)
(38,-1.535,0.153141,9.69093,-0.0433714,-0.0158825, -0.089339)
(39,-1.15932,0.244068,9.12383,-0.0433714,0.0583376, -0.0699441)
(40,-1.51346,0.147159,9.25544,-0.0160352,0.0415388, -0.0494801)
(41,-1.2,-0.0358923,10.264,-0.0232129,-0.0355829, -0.0361938)
(42,-1.07916,0.12323,9.58326,-0.0241292,-0.0311541, -0.0343612)
(43,-0.997807,0.387637,9.83689,0.0206167,-0.0366519, 0.0406225)
(44,-0.823131,-0.448654,8.90848,-0.0862847,-0.236252, 0.0290161)
(45,-0.0729811,0.212961,10.0953,-0.0719294,-0.219606, 0.125991)
error,,,,,,
(46,0.61017,-0.282353,9.37508,0.0331394,0.0586431, -0.0517708)
(47,0.827917,-0.265603,10.142,0.0158825,-0.0474948, -0.0531453)
(48,0.997807,-0.339781,9.70888,0.0386372,-0.00702495, -0.0358883)
(49,0.908076,-0.319442,9.59881,-0.0138972,0.0626137, 0.0313068)
(50,0.538385,-0.368495,10.0845,0.029627,0.119271, -0.0403171)
(51,-0.0789632,0.293121,9.91466,0.0563523,0.0661261, -0.112552)
(52,0.662812,0.397209,9.39661,-0.0271835,-0.0290161, -0.106901)
(53,0.41994,0.0765703,9.50309,-0.00885754,0.0171042, -0.0743728)
(54,1.0672,-0.196212,9.88715,-0.0119119,-0.0910189, 0.0264199)
(55,0.555135,-0.101695,9.64786,0.0561996,-0.0163406, 0.0389426)
(56,0.599402,-0.0825524,9.58206,0.00641408,0.000152716, 0.0166461)
(57,1.1665,0.314656,10.9663,-0.0245873,0.0187841, 0.0560469)
(58,-0.129212,-0.278764,9.66581,-0.0248928,-0.0177151, -0.0445931)
(59,0.130409,0.288335,10.0522,0.0445931,0.085063, -0.0503964)
(60,0.215354,-0.0418744,9.70888,-0.00794125,-0.0916298, 0.00152716)
(61,0.191426,-0.0753739,9.667,-0.0183259,0.0319177, -0.00106901)
(62,0.254836,0.154337,9.78545,-0.0129809,-0.0219911, -0.0259618)
(63,0.211765,0.00119641,9.77109,-0.0105374,-0.00412334, -0.0105374)
(64,0.118445,0.273978,9.7005,0.01237,-0.0212276, -0.0285579)
(65,0.202194,0.166301,9.73281,0.00122173,-0.0206167, -0.0368046)
end of logging,,,,,,
IMU restart,,,,,,
UTCtime**2024,9,25,12:23:8,**Human-Human – Triangle,,
(0,-0.133998,0.143569,9.79382,0.0627664,0.00855211, 0.00366519)
(1,-0.0311067,0.276371,9.99482,-0.0412334,0.0539089, -0.0366519)
(2,-0.0969093,0.113659,9.55334,-0.071013,-0.023671, -0.0203113)
(3,-0.113659,0.277568,9.78545,0.0337503,-0.0313068, -0.00824668)
(4,-0.0574278,0.101695,10.0128,0.0514654,-0.0267254, -0.0171042)
(5,-0.0311067,-0.172283,9.72324,0.00824668,-0.0158825, -0.00366519)
(6,0.181854,0.120838,9.88595,-0.123089,-0.0322231, -0.0781907)
(7,0.0538385,0.0993021,9.82254,0.0763581,0.00244346, 0.0404698)
(8,0.290728,0.0981058,9.52463,-0.0459676,0.0285579, 0.119424)
(9,0.224925,0.0622134,9.97448,0.111025,-0.0294742, 0.01237)
(10,0.525225,0.659223,10.4889,-0.0597121,-0.0476475, 0.187383)
(11,0.667598,0.15673,9.53181,0.133474,-0.0116064, 0.0125227)
(12,0.869791,0.112463,9.71486,-0.00870483,0.0885754, -0.16921)
(13,0.672383,0.0622134,9.09632,-0.0335976,0.107207, -0.149356)
(14,-0.136391,0.58026,9.46003,-0.0213803,0.00946841, -0.0795652)
(15,-0.112463,0.64008,9.003,-0.0956004,-0.280845, -0.225257)
(16,0.704686,1.18445,9.4696,0.19227,-0.196393, -0.194561)
(17,1.86879,0.696311,10.5787,-0.124616,-0.114843, 0.0911716)
(18,1.98485,-0.157926,10.0618,-0.118508,-0.130267, -0.090408)
(19,1.52184,-0.293121,9.54258,-0.0484111,0.142942, -0.0232129)
(20,0.630509,0.212961,9.7699,-0.0151189,0.125227, 0.294132)
(21,0.454636,0.664008,9.61556,-0.0981966,0.0444404, 0.229533)
(22,0.241675,0.338584,9.14776,0.0841467,0.11805, -0.0644463)
(23,-0.0837488,0.128016,9.38465,0.0255036,-0.210596, -0.0531453)
(24,0.41994,-0.0562314,9.74597,-0.0198531,-0.100487, -0.0416915)
(25,0.675972,0.081356,9.60001,-0.11637,-0.0325286, -0.00794125)
(26,0.20339,-0.0777667,8.3342,0.0174097,0.00427606, 0.0597121)
(27,0.0514457,-0.0729811,9.65623,0.0291688,0.0424551, 0.00839939)
(28,-0.159123,-0.192622,9.54736,0.0450513,0.0282525, 0.0171042)
(29,0.118445,0.0358923,9.96491,0.0424551,0.0138972, -0.0613919)
(30,-0.0957129,-0.087338,9.8022,0.00229074,-0.00687223, -0.0239765)
error,,,,,,
(31,0.637687,-0.299103,9.82493,-0.0056505,0.00442877, -0.00519235)
end of logging,,,,,,
UTCtime**2024,9,25,12:23:46,**Human-Human – pentagon,,
(0,-0.133998,0.143569,9.79382,0.0627664,0.00855211, 0.00366519)
(1,-0.0311067,0.276371,9.99482,-0.0412334,0.0539089, -0.0366519)
(2,-0.0969093,0.113659,9.55334,-0.071013,-0.023671, -0.0203113)
(3,-0.113659,0.277568,9.78545,0.0337503,-0.0313068, -0.00824668)
(4,-0.0574278,0.101695,10.0128,0.0514654,-0.0267254, -0.0171042)
(5,-0.0311067,-0.172283,9.72324,0.00824668,-0.0158825, -0.00366519)
(6,0.181854,0.120838,9.88595,-0.123089,-0.0322231, -0.0781907)
(7,0.0538385,0.0993021,9.82254,0.0763581,0.00244346, 0.0404698)
(8,0.290728,0.0981058,9.52463,-0.0459676,0.0285579, 0.119424)
(9,0.224925,0.0622134,9.97448,0.111025,-0.0294742, 0.01237)
(10,0.525225,0.659223,10.4889,-0.0597121,-0.0476475, 0.187383)
(11,0.667598,0.15673,9.53181,0.133474,-0.0116064, 0.0125227)
(12,0.869791,0.112463,9.71486,-0.00870483,0.0885754, -0.16921)
(13,0.672383,0.0622134,9.09632,-0.0335976,0.107207, -0.149356)
(14,-0.136391,0.58026,9.46003,-0.0213803,0.00946841, -0.0795652)
(15,-0.112463,0.64008,9.003,-0.0956004,-0.280845, -0.225257)
(16,0.704686,1.18445,9.4696,0.19227,-0.196393, -0.194561)
(17,1.86879,0.696311,10.5787,-0.124616,-0.114843, 0.0911716)
(18,1.98485,-0.157926,10.0618,-0.118508,-0.130267, -0.090408)
(19,1.52184,-0.293121,9.54258,-0.0484111,0.142942, -0.0232129)
(20,0.630509,0.212961,9.7699,-0.0151189,0.125227, 0.294132)
(21,0.454636,0.664008,9.61556,-0.0981966,0.0444404, 0.229533)
(22,0.241675,0.338584,9.14776,0.0841467,0.11805, -0.0644463)
(23,-0.0837488,0.128016,9.38465,0.0255036,-0.210596, -0.0531453)
(24,0.41994,-0.0562314,9.74597,-0.0198531,-0.100487, -0.0416915)
(25,0.675972,0.081356,9.60001,-0.11637,-0.0325286, -0.00794125)
(26,0.20339,-0.0777667,8.3342,0.0174097,0.00427606, 0.0597121)
(27,0.0514457,-0.0729811,9.65623,0.0291688,0.0424551, 0.00839939)
(28,-0.159123,-0.192622,9.54736,0.0450513,0.0282525, 0.0171042)
(29,0.118445,0.0358923,9.96491,0.0424551,0.0138972, -0.0613919)
(30,-0.0957129,-0.087338,9.8022,0.00229074,-0.00687223, -0.0239765)
error,,,,,,
(31,0.637687,-0.299103,9.82493,-0.0056505,0.00442877, -0.00519235)
(0,0.821935,0.299103,10.2688,-0.112399,0.195477, 0.0768163)
(1,0.253639,0.00239282,9.74477,-0.0913243,0.209374, 0.0056505)
(2,0.108873,-0.100499,10.343,-0.0902553,0.0759, -0.0200058)
(3,-0.433101,-0.0993021,-0.00119641,0.0277944,-0.117897, -0.022602)
(4,-1.32802,0.108873,8.88934,-0.0172569,-0.190284, 0.0829249)
(5,0.0323031,0.0526421,9.57249,0.0829249,-0.0540616, -0.0120646)
(6,-0.150748,-0.285942,10.0176,0.0951423,0.0152716, 0.0180205)
(7,-0.411566,0.0801595,9.64188,-0.000152716,-0.045204, -0.0409279)
(8,-0.171087,1.09472,9.70409,0.160658,-0.0256563, -0.142332)
(9,0.0382852,0.0514457,9.41456,-0.0763581,-0.0879646, -0.0606284)
error,,,,,,
(10,0.905684,-0.62333,10.325,-0.0668897,0.0235183, 0.134848)
(11,0.693919,0.37687,7.35554,-0.0138972,0.175929, -0.0484111)
(12,0.354138,-0.808774,10.3502,-0.171042,-0.166919, -0.0426078)
(13,0.678365,-0.476172,10.3143,0.17486,-0.236863, 0.157909)
(14,0.306281,0.824327,8.35454,0.0471893,0.336281, 0.0757473)
(15,0.0550349,-0.929612,9.22792,-0.0183259,-0.0671951, 0.0395535)
(16,0.472583,-0.921237,9.58804,-0.0487165,-0.463341, 0.303905)
(17,2.13081,-0.662812,10.1731,0.0427606,0.161116, 0.0503964)
(18,0.659223,-0.814756,8.6357,-0.297033,0.0392481, -0.149815)
(19,0.120838,-0.547956,11.5561,0.603993,-0.0213803, -0.195935)
(20,0.2333,0.969093,9.33081,-0.00397062,0.102473, 0.079107)
(21,0.510868,-0.0801595,9.46362,0.335823,0.132405, -0.300087)
(22,0.0251246,-0.519243,9.30688,0.0421497,0.0626137, 0.0707076)
(23,-0.136391,-0.355334,10.0008,-0.0282525,-0.169973, -0.0132863)
(24,0.240479,-0.476172,9.62992,0.111636,0.0279471, -0.00885754)
(25,0.350549,0.0478565,10.8168,0.0594066,-0.0320704, -0.0279471)
(26,0.104088,0.0658026,9.02094,0.178373,-0.109498, -0.0563523)
(27,0.384048,0.388834,10.7785,-0.00931569,-0.0652099, 0.0496328)
end of logging,,,,,,
IMU restart,,,,,,
UTCtime**2024,9,25,12:24:59,**Human-Human – beaker,,
(0,-0.00119641,-0.798006,9.64906,-0.0595593,0.096364, -0.00733038)
(1,0.445065,-0.405583,9.40858,-0.100487,-0.0528398, -0.0369573)
(2,0.314656,0.754936,9.90629,-0.111483,0.109956, 0.0293215)
(3,0.417548,0.740579,10.3872,0.0471893,-0.0838412, 0.139583)
(4,-0.168694,0.865005,9.04248,0.167377,0.0873537, -0.0158825)
(5,-0.78006,-0.7334,9.46242,0.15012,-0.169057, -0.103083)
(6,-0.0681955,0.525225,10.2951,0.0189368,-0.0783434, -0.000152716)
(7,0.329013,-0.181854,9.70409,-0.274431,-0.387136, 0.0951423)
(8,-0.105284,-0.107677,8.62613,0.0151189,0.186619, -0.146302)
(9,-0.381655,0.117248,9.42892,0.0155771,0.0722348, -0.0491747)
(10,-0.62333,0.161516,8.66561,0.0461203,-0.00213803, -0.212428)
(11,1.11147,-0.248854,9.80818,0.111636,-0.215635, 0.0671951)
(12,1.22632,0.369691,10.0475,0.0717766,0.151342, -0.0242819)
(13,0.62333,0.496511,9.48635,-0.263894,-0.0690278, -0.331547)
(14,0.681955,-0.893719,10.5296,0.389732,0.101404, 0.0116064)
(15,0.247657,-0.192622,10.1121,0.0167988,0.011301, -0.0942259)
(16,-0.644866,-0.00239282,10.1898,-0.281914,0.150731, 0.27718)
(17,-0.349352,0.842274,9.76511,0.0256563,-0.0285579, 0.0781907)
(18,-0.829113,0.0945165,10.0487,0.0265726,-0.268933, -0.0844521)
(19,-0.434297,-0.361316,8.76491,-0.0210748,-0.0954477, -0.0221439)
(20,0.117248,-0.192622,10.0391,0.0536034,0.0186314, -0.0171042)
(21,-0.020339,0.0131605,9.76032,0,-0.0114537, -0.00992656)
(22,0.0442672,-0.0526421,9.76511,-0.00122173,-0.0105374, -0.00870483)
(23,0.0418744,-0.0358923,9.76511,0.000152716,-0.0106901, -0.00839939)
end of logging,,,,,,
UTCtime**2024,9,25,12:25:50,Human-Human – parasail,,
(0,-0.00119641,-0.798006,9.64906,-0.0595593,0.096364, -0.00733038)
(1,0.445065,-0.405583,9.40858,-0.100487,-0.0528398, -0.0369573)
(2,0.314656,0.754936,9.90629,-0.111483,0.109956, 0.0293215)
(3,0.417548,0.740579,10.3872,0.0471893,-0.0838412, 0.139583)
(4,-0.168694,0.865005,9.04248,0.167377,0.0873537, -0.0158825)
(5,-0.78006,-0.7334,9.46242,0.15012,-0.169057, -0.103083)
(6,-0.0681955,0.525225,10.2951,0.0189368,-0.0783434, -0.000152716)
(7,0.329013,-0.181854,9.70409,-0.274431,-0.387136, 0.0951423)
(8,-0.105284,-0.107677,8.62613,0.0151189,0.186619, -0.146302)
(9,-0.381655,0.117248,9.42892,0.0155771,0.0722348, -0.0491747)
(10,-0.62333,0.161516,8.66561,0.0461203,-0.00213803, -0.212428)
(11,1.11147,-0.248854,9.80818,0.111636,-0.215635, 0.0671951)
(12,1.22632,0.369691,10.0475,0.0717766,0.151342, -0.0242819)
(13,0.62333,0.496511,9.48635,-0.263894,-0.0690278, -0.331547)
(14,0.681955,-0.893719,10.5296,0.389732,0.101404, 0.0116064)
(15,0.247657,-0.192622,10.1121,0.0167988,0.011301, -0.0942259)
(16,-0.644866,-0.00239282,10.1898,-0.281914,0.150731, 0.27718)
(17,-0.349352,0.842274,9.76511,0.0256563,-0.0285579, 0.0781907)
(18,-0.829113,0.0945165,10.0487,0.0265726,-0.268933, -0.0844521)
(19,-0.434297,-0.361316,8.76491,-0.0210748,-0.0954477, -0.0221439)
(20,0.117248,-0.192622,10.0391,0.0536034,0.0186314, -0.0171042)
(21,-0.020339,0.0131605,9.76032,0,-0.0114537, -0.00992656)
(22,0.0442672,-0.0526421,9.76511,-0.00122173,-0.0105374, -0.00870483)
(23,0.0418744,-0.0358923,9.76511,0.000152716,-0.0106901, -0.00839939)
(0,0.396012,0.209372,9.84048,-0.0323759,-0.133016, -0.0167988)
(1,0.0394816,-0.0227318,10.6098,0.00885754,0.227853, -0.0830777)
(2,0.0825524,-0.0287139,9.41695,0.154854,-0.0187841, 0.0763581)
(3,-0.0885344,0.72024,9.69691,-0.00397062,0.019395, -0.0471893)
(4,-0.0634098,0.0933201,9.69811,-0.0222966,-0.105527, -0.268933)
(5,0.407976,-0.76331,10.1767,0.00458149,0.0691805, -0.119577)
(6,0.849452,0.153141,11.1589,0.180511,-0.0800233, 0.066737)
(7,0.681955,-0.112463,8.1009,-0.0551306,-0.0890336, -0.184329)
(8,0.193819,-0.752543,10.0857,-0.127824,-0.104611, -0.0277944)
(9,0.267996,-0.857827,9.87518,-0.0386372,0.0122173, 0.208305)
(10,-0.48335,0.318246,9.08794,0.0690278,0.365755, 0.231518)
(11,-1.60558,-0.617348,8.84267,0.0467312,-0.0468839, 0.000152716)
(12,-0.66999,-0.484547,8.75414,0.044135,-0.204334, -0.135001)
(13,0.175872,-1.21436,10.0128,0.0065668,0.222508, -0.21869)
(14,0.534796,-0.943969,9.64188,0.0572686,0.217315, -0.114385)
(15,-0.198604,0.381655,10.3059,-0.201433,-0.108734, 0.334143)
(16,0.0993021,0.226122,10.861,-0.029627,-0.0569632, 0.0230602)
(17,0.397209,1.25982,10.2712,-0.101404,-0.0494801, 0.0714712)
(18,0.00239282,-0.454636,9.78784,0.375682,-0.0494801, -0.355065)
(19,-0.0598206,-0.648455,9.9338,-0.385456,0.0435241, 0.0302378)
(20,-0.336192,-0.244068,10.5141,0.115454,-0.074831, -0.00595593)
(21,0.458226,-0.196212,9.80698,-0.0682642,-0.00671952, 0.0074831)
(22,0.157926,0.101695,9.86681,0.00442877,-0.087201, 0.0114537)
(23,0.0358923,-0.0550349,9.76511,-0.000916298,-0.0142026, -0.00946841)
(24,0.00239282,-0.0538385,9.78186,-0.000916298,-0.0106901, -0.00870483)
end of logging,,,,,,
IMU restart,,,,,,
UTCtime**2024,9,25,12:29:15,**Robot Leader – triangle,,
(0,0.378066,0.0538385,9.81895,0.00671952,-0.000916298, -0.0106901)
(1,0.37687,0.0490529,9.76631,0.00259618,-0.00946841, -0.00809396)
(2,0.382852,0.0921237,9.77229,0.00580322,-0.0109956, -0.00610865)
(3,0.36012,0.0933201,9.7005,-0.0018326,-0.0169515, -0.00610865)
error,,,,,,
(4,0.29671,0.329013,9.71008,-0.0488692,-0.0074831, 0.0529926)
(5,0.37328,0.370888,9.75913,0.0116064,-0.00595593, -0.00992656)
(6,0.218943,0.155533,9.73759,0.053298,-0.0241292, 0.0358883)
(7,0.575474,-0.148355,9.96012,0.052229,-0.0685696, 0.0245873)
(8,0.753739,0.0358923,9.85006,-0.0407752,-0.00702495, 0.0337503)
(9,0.683151,0.282353,9.84288,-0.00885754,-0.0167988, -0.0507018)
(10,0.70349,0.230907,9.75315,-0.00885754,-0.0120646, -0.00626137)
(11,0.704686,0.265603,9.72683,0.00320704,-0.0111483, -0.00839939)
(12,0.53001,0.246461,9.62752,-0.00259618,-0.00152716, -0.00870483)
(13,1.04686,-0.0394816,9.62633,-0.0397062,-0.0798706, -0.0383318)
(14,1.45125,-0.459422,10.1372,-0.104305,0.0438296, -0.0143553)
(15,0.769293,-0.257228,9.74238,-0.0119119,-0.00549779, 0.10232)
(16,1.32921,-0.795614,9.01257,-0.00977384,0.0108429, 0.0510072)
(17,1.19402,-0.649651,9.81297,-0.00763582,-0.0212276, 0.0800233)
(18,0.937987,-0.309871,9.59881,-0.00519235,-0.0470366, -0.000916298)
(19,1.06361,-0.696311,9.6012,-0.00381791,-0.0316123, -0.00412334)
(20,1.11745,-0.568295,9.75195,-0.00580322,-0.0174097, -0.0329867)
(21,0.942772,-0.794417,9.533,0.0160352,0.0314596, -0.0273362)
(22,1.17727,-0.963111,9.06641,-0.036041,0.087201, -0.0175624)
(23,1.14616,-0.478565,9.63111,-0.0404698,0.0135917, 0.0229074)
(24,1.03609,-0.801595,9.99721,0.0493274,-0.0351248, -0.0433714)
(25,0.630509,-0.357727,10.0355,0.0629191,-0.0406225, -0.104305)
(26,0.859024,0.0945165,9.54258,0.108887,-0.0456622, -0.152869)
(27,0.479761,0.370888,9.77827,0.0348193,0.0201585, -0.0345139)
(28,0.697508,0.288335,9.74477,-0.0200058,-0.0242819, -0.00824668)
(29,0.72024,0.287139,9.72084,0.000458149,-0.01237, -0.0116064)
(30,0.732204,0.288335,9.73999,0.00152716,-0.0116064, -0.00992656)
(31,0.744168,0.222533,9.74238,0.00351247,-0.00839939, -0.00580322)
(32,0.612563,0.531207,9.87757,-0.0484111,-0.00244346, 0.175471)
(33,0.884148,0.0478565,9.57967,0.0456622,-0.0135917, 0.0018326)
(34,0.40678,-0.113659,9.73161,-0.0314596,-0.00152716, -0.105985)
(35,0.622134,-0.168694,9.76152,-0.0216857,-0.00274889, -0.159283)
(36,0.687936,-0.18664,9.8704,-0.00229074,-0.0219911, 0.0117592)
(37,0.710669,0.11007,9.7687,0.0100793,0.021533, 0.0151189)
(38,0.685544,0.0526421,9.70529,0.00381791,-0.020464, -0.0065668)
(39,0.668794,0.0634098,9.71008,0,-0.0160352, -0.00717767)
(40,0.684347,0.0550349,9.7687,0.00305432,-0.0100793, -0.00885754)
(41,0.671187,0.0538385,9.75315,-0.00641408,-0.01237, -0.00671952)
(42,0.665205,0.0334995,9.72563,0.000152716,-0.00702495, -0.00733038)
(43,0.678365,0.0753739,9.76392,-0.00259618,-0.0164934, -0.0065668)
end of logging,,,,,,
IMU restart,,,,,,
UTCtime**2024,9,25,12:30:16,**Robot Leader – jetski,,
(0,0.275175,0.0478565,9.7017,-0.00167988,-0.00610865, -0.00794125)
(1,0.288335,0.0849452,9.74717,0.0074831,-0.0203113, -0.00534507)
(2,0.28355,0.107677,9.77109,-0.00503964,-0.00778853, -0.00794125)
(3,0.275175,0.0957129,9.71486,-0.00366519,-0.0132863, -0.00839939)
(4,0.285942,0.113659,9.73161,-0.00809396,0.00610865, 0.00610865)
(5,0.289532,0.108873,9.78425,-0.000458149,-0.0138972, -0.00519235)
(6,0.15673,0.245264,9.75793,0.0337503,0.0210748, 0.116523)
(7,0.161516,-0.405583,9.76631,0.00137445,-0.0390954, 0.0662789)
(8,0.28355,0.229711,9.48754,0.0685696,-0.00503964, 0.0103847)
(9,0.235693,0.552742,9.78545,0.0592539,-0.0427606, 0.0578795)
(10,0.409173,0.37328,9.67179,0.0074831,-0.00962113, -0.0128282)
(11,0.45344,0.457029,9.75554,0.00717767,-0.0164934, -0.0154243)
(12,0.496511,0.445065,9.78186,-0.0116064,-0.0175624, -0.00687223)
(13,0.503689,0.48694,9.69931,-0.00167988,-0.0164934, -0.00778853)
(14,0.544367,0.466601,9.79741,0.00503964,-0.0181732, -0.00702495)
(15,0.522832,0.635294,9.86322,-0.0580322,-0.144317, 0.0684169)
(16,1.19761,0.7669,9.54976,-0.0594066,0.0334449, 0.0320704)
(17,0.908076,0.458226,9.49113,-0.00229074,-0.0308487, 0.0484111)
(18,0.70349,-0.21655,9.22433,-0.156076,0.0363465, 0.000763581)
(19,0.239282,0.0478565,9.46122,-0.00305432,0.0311541, 0.0282525)
(20,0.349352,0.150748,9.72324,0.0018326,-0.0280998, -0.00901026)
(21,0.415155,0.161516,9.81656,0.0116064,-0.0340557, 0.00320704)
(22,0.43669,0.157926,9.75554,0.00458149,0.000763581, -0.00488692)
(23,0.386441,0.206979,9.7699,0.011301,0.000458149, -0.0106901)
(24,0.202194,0.179462,9.8345,-0.0432187,0.0074831, -0.0529926)
(25,0.333799,-0.191426,9.30808,0.00106901,0.00763582, -0.175776)
(26,0.460618,0.387637,9.55454,-0.0366519,-0.0131336, 0.0969748)
(27,0.418744,0.0215354,10.0463,0.022602,-0.0439823, 0.0639881)
(28,0.526421,0.48335,9.7352,-0.0116064,-0.0302378, 0.0849102)
(29,0.476172,0.649651,9.70409,-0.0203113,-0.0149662, 0.103542)
(30,0.655633,-0.0155533,9.79382,-0.0290161,-0.0612392, 0.0239765)
(31,0.679562,0.104088,9.65384,-0.00794125,-0.0384845, 0.00839939)
(32,1.40698,-0.00837488,9.99123,0.0558941,-0.407142, -0.0658207)
(33,2.06859,0.0299103,9.43729,-0.030696,0.0838412, -0.0505491)
(34,0.897309,0.221336,9.15853,-0.023671,0.216094, -0.190743)
(35,0.0574278,-0.454636,9.40858,-0.020464,0.00687223, -0.0189368)
(36,0.350549,0.0430708,9.98764,-0.0273362,-0.0361938, 0.0169515)
(37,0.446261,-0.147159,9.74238,-0.0342084,-0.0511599, -0.0409279)
(38,0.447458,-0.0346959,9.72204,-0.00763582,-0.0355829, -0.000305433)
(39,0.440279,-0.0789632,9.7017,0.00381791,-0.00595593, -0.0129809)
(40,-0.0634098,-0.494118,9.12742,-0.052229,-0.0255036, -0.0578795)
(41,0.461815,-0.608973,9.37388,-0.0786489,-0.151495, 0.0586431)
(42,1.05165,-0.461815,9.37508,0.0539089,-0.101404, 0.0056505)
(43,1.57448,-0.424726,9.29612,-0.0109956,0.0154243, -0.0765108)
(44,1.31486,-0.443869,10.0451,0.0465785,0.0809396, -0.106138)
(45,0.620938,-0.111266,10.0259,0.0821613,0.0453567, -0.105985)
(46,0.658026,-0.181854,9.78784,0.029627,-0.00335976, -0.00397062)
(47,0.765703,-0.0442672,9.78545,0.0203113,-0.0109956, -0.0137445)
(48,0.811167,-0.00119641,9.7005,-0.00397062,-0.00534507, -0.00595593)
(49,0.808774,-0.00837488,9.76152,0.00885754,-0.0109956, -0.00427606)
(50,0.807578,0.0466601,9.71247,-0.000610865,-0.014508, -0.00962113)
(51,0.787239,0.0358923,9.69811,-0.00595593,-0.00885754, -0.0114537)
(52,0.811167,0.0167498,9.73042,0.00427606,-0.00824668, -0.011301)
(53,0.748954,0.308674,9.78067,0,-0.0380264, 0.0800233)
(54,0.941576,0.175872,9.89312,-0.0348193,-0.0167988, -0.047342)
(55,0.489332,0.061017,9.2662,-0.057574,-0.0456622, -0.0380264)
(56,0.433101,-0.131605,9.734,-0.0571159,-0.0253509, -0.103694)
(57,1.09472,-0.418744,9.71127,-0.0299324,0.00397062, -0.117897)
(58,0.92004,0.0957129,9.62513,0.00809396,-0.0074831, 0.0310014)
(59,0.943969,0.0430708,9.81895,0.00824668,0.0111483, 0.00412334)
(60,0.935594,0.087338,9.6036,0.00977384,-0.013439, -0.0105374)
(61,0.949951,0.111266,9.78186,0.00244346,-0.00213803, -0.0131336)
(62,0.976272,0.0801595,9.71486,-0.00595593,-0.0074831, -0.00305432)
(63,0.982254,0.0837488,9.72563,0.0018326,-0.0207694, -0.0129809)
(64,0.964308,0.0765703,9.7017,0.00595593,-0.0154243, -0.00733038)
(65,1.02532,0.116052,9.80698,-0.000763581,-0.0143553, -0.00137445)
(66,1.02891,0.100499,9.76511,-0.00412334,-0.0178678, -0.00702495)
(67,1.03011,0.0837488,9.73759,0.00763582,-0.00687223, -0.00549779)
end of logging,,,,,,
IMU restart,,,,,,
UTCtime**2024,9,25,12:31:44,**Robot Leader – beaker,,
(0,0.323031,0.0538385,9.78664,0.00198531,0.00946841, -0.00503964)
(1,0.315853,0.0239282,9.67538,-0.00671952,-0.0172569, -0.00763582)
(2,0.307478,0.0693919,9.71127,-0.00503964,-0.00855211, -0.0126754)
(3,0.317049,0.0646062,9.77947,0.00152716,-0.0108429, -0.00931569)
(4,0.289532,0.0885344,9.73042,-0.00626137,-0.00977384, -0.0065668)
(5,0.2668,0.0957129,9.77348,-0.000610865,-0.0178678, -0.00839939)
(6,0.378066,-0.397209,9.78664,-0.013439,0.0209221, -0.0274889)
(7,0.232104,0.641276,9.61915,-0.0470366,-0.0368046, 0.0384845)
(8,0.217747,0.252443,9.89552,-0.00916297,-0.0171042, -0.0190895)
(9,0.289532,0.0981058,9.69931,0.0197004,-0.00916297, -0.0186314)
(10,0.585045,-0.0107677,9.41456,0.0056505,-0.02474, -0.0259618)
(11,0.236889,0.118445,9.94218,-0.0335976,-0.0620028, 0.032834)
(12,0.573081,0.0167498,9.8357,-0.0169515,-0.0384845, -0.0308487)
(13,0.520439,0.081356,9.7998,0.00198531,-0.0305433, -0.0143553)
(14,0.553938,0.0957129,9.71367,-0.00473421,-0.00152716, -0.0346666)
(15,0.545564,0.107677,9.69093,0.0018326,-0.0222966, 0.000763581)
(16,0.577867,0.0837488,9.81775,-0.000610865,-0.0154243, -0.00458149)
(17,0.277568,0.263211,9.5019,-0.00412334,-0.000610865, 0.0174097)
(18,0.728615,0.159123,9.95295,-0.0733038,-0.104611, -0.00809396)
(19,1.0002,-0.894916,10.0068,-0.102931,-0.0508545, -0.0986547)
(20,1.27657,-1.15334,9.30928,-0.0514654,0.0343612, 0.0975857)
(21,0.929612,-0.806381,9.63111,0.0410807,-0.0320704, -0.0673479)
(22,1.09232,-0.802792,9.87877,0.0926988,-0.0326813, 0.0189368)
(23,0.731007,0.0287139,9.62513,0.0965167,0.0383318, -0.0294742)
(24,0.655633,-0.427119,9.5701,-0.00244346,-0.0140499, -0.025809)
(25,0.769293,-0.00598206,9.73161,0.0120646,-0.0120646, -0.00885754)
(26,0.92363,-0.107677,9.80938,0.00229074,-0.0435241, -0.00366519)
(27,0.963111,-0.150748,9.70888,-0.00610865,-0.0413861, 0.00885754)
(28,0.957129,-0.087338,9.63231,-0.00702495,-0.0100793, -0.00809396)
(29,0.929612,-0.174676,9.67538,0.000305433,-0.0155771, -0.00992656)
(30,0.958326,-0.149551,9.72683,-0.00671952,-0.0274889, -0.00855211)
(31,0.786042,-0.179462,9.1681,-0.0271835,0.0700968, -0.0114537)
(32,0.960718,-0.257228,9.95175,0.0484111,-0.0717766, 0.0418443)
(33,0.857827,-0.066999,10.3059,0.0682642,-0.0531453, -0.011301)
(34,1.28136,-0.17348,9.35115,0.0109956,-0.0833831, -0.0971275)
(35,1.62353,0.301496,9.29731,-0.0448986,0.062461, -0.0395535)
(36,1.39262,0.448654,10.2867,0.0343612,0.0639881, -0.161574)
(37,0.598206,-0.0705883,10.0271,0.0355829,0.0166461, -0.0766636)
(38,0.824327,0.350549,9.72324,0.00412334,-0.0192422, -0.00259618)
(39,0.84347,0.290728,9.65863,-0.00259618,-0.0210748, -0.0135917)
(40,1.59242,-0.101695,9.75913,-0.033903,0.0763581, 0.0957531)
(41,0.912862,0.0514457,9.35235,-0.00580322,0.0351248, 0.101251)
(42,0.434297,-0.0215354,9.76631,0.0140499,-0.0290161, 0.0)
(43,0.488136,-0.178265,9.47678,0.0285579,-0.0583376, 0.0448986)
(44,0.896112,-0.0801595,10.2293,-0.0158825,-0.043066, -0.000152716)
(45,1.23829,-0.160319,8.96351,-0.0326813,-0.0108429, -0.0065668)
(46,0.867398,-0.0191426,9.52942,0.0056505,-0.0447459, -0.00641408)
(47,1.00977,-0.061017,9.801,-0.00733038,0.0122173, -0.00626137)
(48,1.01815,0.0263211,9.69572,0.00702495,-0.0485638, -0.0148135)
(49,1.05165,-0.0681955,9.66102,0.000610865,0.0131336, -0.00397062)
(50,1.066,-0.0131605,9.69452,-0.00381791,-0.00992656, -0.0126754)
(51,1.11984,-0.020339,9.75315,0.00106901,-0.0148135, -0.00671952)
(52,1.10429,-0.0753739,9.77348,-0.00320704,-0.00198531, -0.00366519)
(53,0.734597,0.252443,9.68256,0.0122173,0.0633773, 0.00901026)
error,,,,,,
(54,1.23829,0.331406,10.0618,0.00687223,-0.102167, -0.0988074)
(55,1.47996,0.291924,10.0845,0.0552833,-0.0917825, -0.0945314)
(56,1.42014,0.21655,9.76032,-0.0270308,0.00717767, 0.0100793)
(57,1.06241,0.262014,9.3356,0.00549779,0.0374155, 0.0140499)
(58,0.954736,0.411566,10.0056,0.0332921,-0.0148135, 0.0768163)
(59,0.805185,0.506082,9.47678,-0.0129809,-0.0218384, 0.0148135)
(60,1.03011,0.384048,9.64547,-0.00274889,-0.0172569, -0.00412334)
(61,0.794417,0.525225,9.95295,0.0190895,-0.0378736, -0.0870483)
(62,1.0002,0.288335,10.3167,-0.0233656,0.0833831, 0.00610865)
(63,0.713061,0.665205,9.57847,0.0137445,0.0271835, 0.00488692)
(64,0.715454,0.117248,9.89791,-0.0394008,-0.0494801, -0.0594066)
(65,0.504885,0.770489,9.74717,-0.00839939,-0.0297797, 0.0406225)
(66,0.601795,0.445065,9.64308,-0.000763581,-0.0065668, 0.0244346)
(67,0.597009,0.228515,9.84407,0.00427606,0.0222966, 0.00458149)
(68,0.618545,0.282353,9.74357,0.00335976,0.0056505, -0.00702495)
(69,0.58026,0.32662,9.74238,-0.000152716,-0.00534507, -0.00962113)
end of logging,,,,,,
IMU restart,,,,,,
UTCtime**2024,9,25,12:32:59,**Robot Leader – parasail,,
(0,-0.297906,-0.0394816,9.76392,0.00305432,-0.00824668, -0.0116064)
(1,-0.318246,-0.0741775,9.81536,0.00442877,-0.00106901, -0.0129809)
(2,-0.321835,-0.0358923,9.78904,-0.00198531,-0.00824668, -0.00870483)
(3,-0.346959,-0.0119641,9.73879,0.00122173,-0.00626137, -0.00580322)
(4,-0.370888,-0.0323031,9.77947,-0.00778853,-0.0161879, -0.00534507)
(5,-0.357727,-0.0179462,9.74597,0.00519235,-0.0152716, -0.00595593)
(6,-0.397209,0.0646062,9.76392,0.0210748,-0.00534507, 0.0152716)
(7,-0.492922,0.337388,9.61676,0.0122173,-0.0222966, 0.0308487)
(8,-0.417548,-0.311067,9.97448,0.0186314,-0.0209221, -0.0500909)
(9,-0.36012,-0.0550349,9.45763,0.0167988,-0.0749837, 0.00610865)
(10,-0.0634098,0.263211,9.71965,0.0160352,-0.0459676, 0.0172569)
(11,-0.0705883,0.403191,9.4361,-0.0294742,-0.0447459, 0.0726929)
(12,0.344566,0.0299103,10.0463,0.0178678,-0.0673479, 0.0629191)
(13,0.413958,0.0885344,9.69572,-0.000458149,-0.0171042, -0.0235183)
(14,0.443869,0.196212,9.80698,-0.0270308,0.0074831, -0.00992656)
(15,0.363709,0.131605,9.73281,-0.00290161,-0.020464, -0.00870483)
(16,0.397209,0.172283,9.73042,0.00626137,-0.0120646, -0.00916297)
(17,0.39003,0.214158,9.77588,0.00198531,-0.00717767, -0.0152716)
(18,0.7334,-0.39003,10.1946,-0.0287107,-0.183718, -0.0824668)
(19,0.762114,0.0969093,9.94936,0.0116064,0.102778, -0.0484111)
(20,0.248854,0.25005,10.081,-0.0592539,-0.0280998, -0.0100793)
(21,0.594616,0.183051,9.32842,0.00320704,-0.0180205, 0.00992656)
(22,0.902094,-0.102891,9.96132,0.00946841,-0.192423, 0.043066)
(23,0.891327,0.179462,9.57488,-0.00519235,-0.0178678, -0.0117592)
(24,0.993022,-0.125623,9.6694,0.0103847,0.0056505, 0.00717767)
(25,1.07797,-0.227318,9.6682,-0.0404698,0.00152716, -0.0142026)
(26,1.1318,-0.210568,9.83689,0.0210748,-0.00458149, 0.00198531)
(27,1.08275,-0.198604,9.70768,0.00534507,-0.00687223, -0.000610865)
(28,1.14855,-0.303889,9.68136,-0.00901026,-0.0303905, 0.00397062)
(29,1.19282,-0.0454636,9.74238,0.0219911,-0.00137445, -0.0189368)
(30,0.756132,-0.448654,9.69572,-0.0378736,0.106291, 0.00320704)
(31,0.571885,-0.157926,10.1599,0.0375682,-0.0436769, 0.0542143)
error,,,,,,
(32,0.361316,-0.00957129,9.25544,-0.0137445,0.107512, -0.0300851)
(33,0.531207,-0.0634098,10.1791,0.0109956,-0.056505, -0.00488692)
(34,0.57667,-0.122034,9.72802,0.00763582,-0.0143553, -0.00320704)
(35,0.532403,-0.111266,9.61436,0.0111483,-0.00412334, -0.00870483)
(36,0.582652,-0.0275175,9.67179,-0.000763581,-0.00320704, -0.000916298)
(37,0.570688,-0.081356,9.62035,-0.000916298,-0.0238237, -0.0171042)
(38,0.600599,-0.281157,10.1874,0.0178678,-0.112246, -0.03711)
(39,1.133,-0.324227,9.84288,-0.0206167,-0.0206167, 0.0132863)
(40,0.972682,-0.0693919,10.1623,-0.0421497,-0.0493274, -0.00855211)
(41,0.702294,0.228515,9.79622,0.0131336,-0.120188, -0.0222966)
(42,0.984647,0.0526421,9.25305,-0.043066,-0.0580322, -0.111788)
(43,1.16172,0.208176,9.39422,0.00855211,-0.0329867, 0.0245873)
(44,1.27059,-0.0346959,9.77109,0.0166461,-0.0267254, 0.0262672)
(45,1.29811,-0.223729,9.62035,-0.011301,-0.00839939, -0.0120646)
(46,1.36152,-0.136391,9.67179,0.000458149,-0.0117592, 0.000152716)
(47,1.38305,-0.117248,9.74597,0.00595593,-0.00229074, -0.0181732)
(48,1.37228,-0.165105,9.71008,-0.000763581,-0.0120646, -0.0056505)
(49,1.32921,-0.34337,9.62274,-0.0526871,-0.00549779, -0.00290161)
(50,1.53619,-0.635294,9.84288,-0.0435241,-0.00213803, -0.112246)
(51,1.16052,-0.506082,10.1013,-0.0965167,0, -0.131031)
(52,0.971486,-0.367298,9.6036,0.00549779,0.00152716, -0.0448986)
(53,0.984647,-0.388834,8.94318,0.0957531,0.0754418, -0.047342)
(54,0.808774,0.0681955,9.72443,-0.0256563,-0.0148135, -0.0387899)
(55,0.847059,0.136391,10.063,0.00549779,-0.0618501, -0.0174097)
(56,0.506082,0.241675,9.76032,0.0363465,0.01237, 0.187841)
(57,0.918844,0.321835,9.48396,0.0372628,0.0103847, -0.010232)
(58,1.00499,0.0861416,9.72443,-0.0129809,-0.0203113, -0.0752891)
(59,0.847059,0.399601,9.61556,-0.0157298,-0.0542143, 0.013439)
error,,,,,,
(60,0.833899,-0.0933201,9.62154,-0.0424551,0.0065668, -0.0381791)
(61,0.958326,-0.116052,9.86681,0.00366519,-0.0172569, 0.0308487)
(62,0.989432,0.217747,9.73999,0.00885754,-0.0343612, -0.00717767)
(63,0.994218,0.0442672,9.43729,-0.00809396,-0.00351247, 0.00427606)
(64,1.07797,0.040678,9.71247,-0.00290161,-0.0131336, 0.00229074)
end of logging,,,,,,
IMU restart,,,,,,
